Respondent ID,Age,Annual Income,Financial Responsibility,On-Time Payment,Credit Utilization,Credit Score
R1,56,780.24,6,68.11,50.16,646
R2,46,1657.77,2,86.29,,921
R3,32,658.35,7,94.72,68.35,656
R4,60,1426.7,3,,37.54,850
R5,25,1568.41,3,,,874
R6,38,1272.15,5,80.11,88.46,754
R7,56,1048.84,3,79.57,12.52,783
R8,36,941.31,2,90.33,20.06,745
R9,40,827.96,10,73.82,21.62,763
R10,28,1873.15,9,99.81,69.12,1041
R11,28,1695.11,2,52.97,60.3,850
R12,41,1937.05,2,50.16,61.9,917
R13,53,423.74,8,82.01,94.08,526
R14,57,1515.56,9,64.92,77.59,862
R15,41,1889.01,7,62.02,12.79,1045
R16,20,526.22,3,65.59,34.75,569
R17,39,319.69,9,62.8,43.54,548
R18,19,1534.02,3,51.54,39.6,833
R19,41,1234.05,5,98.58,66.93,818
R20,61,1715.29,9,61.04,89.19,890
R21,47,451.59,3,86.7,30.61,591
R22,55,1631.48,7,88.13,55.19,945
R23,19,562.93,,96.46,78.94,603
R24,38,494.58,4,51.53,41.62,531
R25,50,495.68,4,93.6,16.81,657
R26,29,1666.23,7,76.36,47.5,951
R27,39,1397.35,8,81.63,5.52,959
R28,61,1141.52,1,,94.24,653
R29,42,,5,90.99,7.48,848
R30,44,1778.96,7,66.67,43.85,970
R31,59,906.4,4,86.65,52.99,703
R32,45,1669.88,4,76.43,98.53,838
R33,33,990.44,4,89.67,16.6,794
R34,32,878.5,,99.53,11.44,803
R35,64,1032.82,7,,0.87,821
R36,61,742.48,2,99.73,15.56,721
R37,20,1545.7,5,54.49,20.73,896
R38,54,1104.9,4,50.12,63.06,673
R39,24,617.98,3,52.21,21.97,579
R40,38,1819.23,7,67.09,,983
R41,26,891,6,81.65,82.66,660
R42,56,1178.4,7,53.45,36.56,770
R43,35,1831.65,5,50.28,35.37,943
R44,21,1323.63,6,96.85,30.25,909
R45,42,410.42,5,91.1,97.54,499
R46,31,1891.7,7,90.46,17.01,1085
R47,26,1329.87,2,94.22,89.82,762
R48,43,802.83,5,85,77.68,644
R49,19,450.69,6,55.22,7.65,601
R50,37,1629.25,,69.96,98.67,838
R51,45,1316.13,5,86.16,27.14,876
R52,64,1160.23,10,64.02,9.86,860
R53,24,1809.01,7,84.37,82.93,963
R54,61,1619.47,10,51.22,70.67,875
R55,25,473.01,8,65.31,61.72,563
R56,64,761.1,7,77.46,15.6,734
R57,52,647.28,5,81.6,47.85,645
R58,31,1539.1,1,78.85,78.06,814
R59,34,260.36,5,84.89,30.36,550
R60,53,1225.8,,50.3,31.17,776
R61,57,1572.43,2,55.05,0.31,901
R62,21,1778.18,5,93.45,17.42,1039
R63,19,815.75,5,84.09,87.54,621
R64,23,1678.26,2,55.65,44.17,863
R65,59,399.14,5,92.1,98.42,508
R66,21,1723.61,4,62.11,39.57,915
R67,46,429.48,1,73.91,71.52,483
R68,35,915.12,3,,28.19,721
R69,43,1635.13,1,85.51,36.38,925
R70,61,469.85,5,83.34,19.07,632
R71,51,612.65,4,60.56,34.71,596
R72,27,1500.05,7,93.17,54.72,918
R73,53,1496.07,5,70.07,99.18,783
R74,31,1354.07,10,64.63,66.42,826
R75,48,1449.11,4,57.62,19.92,856
R76,32,1176.9,2,63.31,4.5,791
R77,25,,4,51.1,12.64,760
R78,31,822.25,2,79.16,56.26,639
R79,40,526.88,8,92.11,76.52,614
R80,57,,3,77.45,94.04,682
R81,38,1250.11,9,60.96,1.58,894
R82,33,921.53,4,51.68,52.28,643
R83,62,1031.61,6,60.73,47.09,710
R84,35,1905.11,10,70.81,65.61,1004
R85,64,476.03,5,87.98,55.96,588
R86,41,1255.21,10,59.39,68.7,782
R87,43,1110.6,1,85.99,,737
R88,42,1300.62,9,,11.7,916
R89,62,232.6,1,72.7,79.97,395
R90,58,1769.82,8,91.07,12.32,1068
R91,46,,9,77.73,69.85,770
R92,32,1217.24,9,81.85,41.61,862
R93,62,1453.97,1,76.31,51.39,826
R94,18,1860.5,2,73.16,90.33,885
R95,42,1473.03,1,61.73,88.99,747
R96,24,474.57,10,65.16,81.79,554
R97,26,1237.32,2,64.5,,737
R98,41,1292.09,10,78.16,73.62,834
R99,18,963.44,8,56,51.29,698
R100,61,1525.6,5,95.84,86.96,863
R101,25,1881.86,7,86.03,40.28,1036
R102,41,1866.02,2,,97.02,876
R103,28,1011.51,8,57.93,93.23,658
R104,34,403.83,,94.1,74.16,551
R105,25,1972.71,8,91.19,27.94,1104
R106,52,1710.02,1,86.09,13.17,981
R107,52,424.39,1,63.58,85.47,444
R108,50,1857.52,7,70.12,16.53,1042
R109,22,1765.81,8,55.14,85.43,898
R110,59,1133.91,3,59.45,49.08,706
R111,56,1264.3,5,89.15,40.66,844
R112,58,918.2,1,85.75,90.32,627
R113,45,298.57,,79.67,60.39,515
R114,24,803.36,5,94.79,57.66,687
R115,26,1645.14,8,79.16,55.88,954
R116,25,208.34,8,73.35,37.12,539
R117,29,800.3,9,67.02,78.56,647
R118,51,916.7,7,97.02,25.28,810
R119,50,1167.31,1,54.14,93.89,634
R120,40,1855.74,3,96.54,,998
R121,41,823.42,8,91.34,,736
R122,54,824.52,3,56.5,72.95,587
R123,52,1527.5,8,78.25,57.32,901
R124,61,1013.99,1,,33.76,721
R125,57,604.29,5,78.59,98.85,547
R126,39,1014.39,4,95.36,2.52,825
R127,44,453.54,5,97.15,25.26,645
R128,52,517.5,8,71.12,52.01,598
R129,18,1097.06,10,68.87,52.2,792
R130,52,954.07,4,96.82,58.89,721
R131,54,1846.72,4,83.76,75.17,953
R132,64,852.31,3,55.8,62.35,603
R133,31,1245.06,7,52.11,60.03,766
R134,20,1338.08,3,78.23,5.35,874
R135,18,223.57,3,96.51,37.65,538
R136,22,1394.37,,92.21,23.21,913
R137,43,520.46,5,83.79,,590
R138,31,,5,56.96,55.43,710
R139,56,467.59,6,62.71,19.95,596
R140,44,946.32,8,93.78,29.39,813
R141,26,353.63,10,59.14,23.71,592
R142,32,1994.37,6,63.92,94.85,951
R143,32,1103.95,1,56.48,94.47,611
R144,43,1271.69,8,83.81,60.99,838
R145,59,320.74,8,97.2,92.45,534
R146,30,1549.93,9,63.45,78.58,862
R147,49,577.83,9,73.77,58.99,624
R148,56,1816.5,2,81.72,0.64,1019
R149,49,569.25,2,99.97,77.25,584
R150,21,543.24,3,55.24,70.25,501
R151,47,265.79,1,74.93,61.53,457
R152,54,1049.72,4,69.26,76.04,678
R153,40,1216.71,4,93.29,51.29,819
R154,56,318.28,9,73.8,70.41,523
R155,62,1595.95,9,55.55,93.52,832
R156,32,,9,81.72,37.58,838
R157,60,1143.9,10,88.54,70.81,814
R158,46,993.37,7,50.14,47.57,701
R159,53,921.37,2,92.95,67.44,690
R160,30,1207.35,10,,76.29,792
R161,49,479.43,5,77.6,4.55,648
R162,24,527.47,4,70.79,64.66,544
R163,39,1751.21,8,85.98,22.67,1043
R164,45,1903.01,2,68.56,67,919
R165,19,871.96,6,,46.83,701
R166,59,687.34,5,86.52,77.36,608
R167,62,,2,82.39,12.34,808
R168,23,935.72,10,89.81,62.63,766
R169,45,245.7,1,87.7,27.85,522
R170,45,481.07,8,51.8,85.3,507
R171,61,1488.75,2,69.74,,826
R172,61,1386.06,7,96.54,99.64,832
R173,37,248.77,9,56.29,79.6,463
R174,47,599.55,9,86.85,,662
R175,28,615.93,8,98.73,21.55,722
R176,45,1409.41,10,52.61,33.6,882
R177,42,235.48,9,84.11,46.57,564
R178,56,387.4,2,73.41,77.34,477
R179,50,1639.85,6,,91.5,859
R180,18,521.38,4,54.27,,539
R181,44,1374.94,4,52.15,92.24,724
R182,30,628.73,5,83.34,69.56,602
R183,58,378.99,,91.17,61.08,548
R184,20,637.71,1,89.1,19.98,650
R185,56,1500.08,,77.19,5.55,943
R186,23,1740.25,5,54.99,56.85,896
R187,25,1694.4,3,84.4,65.15,903
R188,44,914.93,10,62.09,21.08,758
R189,26,1402.55,7,95.55,55.65,904
R190,54,568.97,7,91.91,85.65,593
R191,50,727.67,1,85.47,83.51,568
R192,59,1813.4,9,97.44,92.74,999
R193,61,223.4,2,51.57,36.59,433
R194,41,,5,86.81,,784
R195,32,574.2,5,66.51,74.94,542
R196,49,247.76,8,95.3,43.11,585
R197,49,526.58,8,63.33,8.75,656
R198,41,1249.47,7,86.24,28.28,865
R199,58,958.56,7,93.88,41.86,781
R200,29,1806.81,6,52.08,29.25,963
R201,56,1671.4,6,69.88,33.22,948
R202,19,815.27,9,88.12,29.38,766
R203,20,666.96,6,72.75,4.15,698
R204,54,883.45,2,63.36,63.71,618
R205,34,1262.53,2,60.99,59.73,737
R206,19,682.51,5,56.58,65.34,565
R207,19,1323.47,4,92.86,19.23,885
R208,45,936.94,2,78.77,29.57,723
R209,40,1193.68,3,53.82,61.96,704
R210,54,985.03,7,69.13,59.96,721
R211,49,730.04,8,68.39,50.63,655
R212,50,1907.22,6,59.09,,975
R213,18,1574.49,5,71.78,91.29,836
R214,36,452.2,1,66.6,33.98,529
R215,19,1763.24,8,67.09,45.56,971
R216,61,1077.38,3,86.95,67.81,732
R217,43,1810.19,6,61.16,54.3,934
R218,49,1639.74,3,82.09,34.69,941
R219,23,965.38,7,78.53,43.56,758
R220,49,240.44,7,78.4,79.45,479
R221,21,683.62,9,83.15,27.81,709
R222,28,1174.94,5,77.42,14.23,838
R223,34,1340.26,8,93.96,31.32,928
R224,55,664.2,10,83.78,84.95,639
R225,41,450.84,10,77.35,8.9,666
R226,22,1702.87,8,91.49,99.17,921
R227,51,,1,80.31,54.1,726
R228,23,1146.24,5,64.56,98.48,678
R229,39,509.02,3,60.35,93.9,466
R230,28,690.15,1,57.62,45.28,567
R231,33,233.1,4,94.97,19.85,580
R232,50,1845.74,8,85.51,,1031
R233,26,411.95,3,96.87,24,616
R234,23,1237.73,10,80.16,71.01,833
R235,33,693.3,2,73.67,27.29,640
R236,46,1197.52,9,52.99,34.14,799
R237,20,1372.56,10,83.58,,905
R238,37,1693.54,5,79.11,91.32,885
R239,53,571.56,7,99.51,18.94,710
R240,36,,2,61.96,0.5,782
R241,43,446.39,9,76.54,6.01,673
R242,20,1820.03,9,82.55,90.48,966
R243,36,1773,4,82.23,64.75,933
R244,37,1275.34,4,78.06,27.3,837
R245,49,1280.93,6,88.85,17.72,888
R246,24,1397.07,10,60.25,29.43,888
R247,58,515.67,10,86.28,11.48,702
R248,50,1845.94,10,80.99,,1048
R249,57,953.79,6,,78.42,676
R250,56,889.65,1,92.36,46.24,685
R251,35,1134.05,9,65.76,86.5,733
R252,57,284.54,2,63.81,24.95,496
R253,18,499.31,5,99.08,71.71,580
R254,28,1528.46,9,76.36,85.61,882
R255,45,,4,95.32,35.68,817
R256,42,1285.67,3,58.19,75.75,728
R257,40,641.63,7,82.14,29.51,691
R258,48,900.73,6,90.49,29.89,773
R259,47,719.65,8,97.37,10.71,774
R260,59,840.21,3,66.87,44.01,658
R261,52,1494.28,5,86.25,,889
R262,24,734.82,10,76.94,94.02,639
R263,33,1219.53,,53.03,60.38,736
R264,43,1056.89,4,84.5,86.31,695
R265,19,1394.61,4,84.5,82.25,801
R266,18,1886.29,10,96.53,17.33,1136
R267,29,1518.63,8,74.87,48.58,906
R268,22,586.89,6,61.51,11.69,634
R269,54,256.13,3,52.23,68.22,418
R270,49,672.08,10,70.78,94.99,609
R271,26,1271.14,5,65.1,13.71,848
R272,58,292.57,6,88.05,73.39,523
R273,52,1093.46,5,67.71,63.22,711
R274,36,1274.32,6,97.45,58.36,853
R275,33,801.64,8,98.12,39.01,764
R276,20,1587.64,7,81.05,35.51,956
R277,37,391.88,5,96.43,4.52,645
R278,41,335.25,10,88.04,21.79,642
R279,50,1510.74,6,77.34,1.52,969
R280,41,1091.88,4,59.02,58.14,697
R281,28,1439.12,9,72.93,10.59,958
R282,25,982.69,,78.04,87.3,664
R283,53,643.52,1,93.2,52.31,602
R284,55,1674.38,7,74.07,69.97,925
R285,57,1638.95,7,94.88,41.09,990
R286,37,1450.45,4,83.72,56.06,848
R287,52,689.86,3,56.85,94.27,501
R288,42,1262.42,8,99.75,,877
R289,52,849.75,5,76.36,25.39,713
R290,42,364.85,10,69.59,78,539
R291,46,1851.16,7,82.96,9.87,1066
R292,35,446.27,4,55.44,7.57,566
R293,63,1910.43,4,81.83,36.15,1015
R294,35,1002.81,8,74.91,9.22,822
R295,19,533.24,8,70.33,58.51,595
R296,52,1175.42,2,97.65,22.63,840
R297,33,1771.3,2,76.13,89.57,859
R298,58,1518,3,60.96,78.35,794
R299,53,1651.81,,72.95,69.97,883
R300,50,1385.81,1,95.97,61.69,835
R301,21,,3,58.8,86.35,648
R302,50,1728.55,6,60.7,22.31,959
R303,31,649.4,8,50.65,87.31,555
R304,38,1080.96,,50.71,78.95,655
R305,37,598.18,6,91.47,74.82,610
R306,25,1977.8,5,,56.13,1021
R307,24,1899.31,4,67.75,24.62,1006
R308,20,270.97,3,84.92,42.35,509
R309,34,,4,69.76,79.36,687
R310,50,1865.45,7,97.64,3.18,1120
R311,29,525.04,1,98.35,78.21,544
R312,39,1222.3,7,69.64,24.01,843
R313,39,1847.88,1,92.71,14.43,1020
R314,63,261.1,2,88.65,11.57,548
R315,47,1455.36,4,65.5,2.73,912
R316,55,735.23,1,61.6,52.36,583
R317,55,1863.91,9,72.91,21.83,1065
R318,62,1947.9,6,,98.94,953
R319,25,1899.68,1,,57.44,948
R320,44,1053.59,1,88.18,13.79,787
R321,44,1751.68,6,92.76,68.88,970
R322,51,,4,,,752
R323,38,774.38,4,91.77,74.52,649
R324,47,1692.05,6,89.22,7.64,1024
R325,50,266.61,7,68.85,89.59,455
R326,45,1273.29,9,77.6,79.39,803
R327,64,614.02,10,90.24,15.83,746
R328,50,417.02,5,52.3,5.18,572
R329,22,338.52,9,90.4,55.73,596
R330,36,1453.32,4,58.89,15.6,865
R331,21,811.77,10,75.73,83.46,665
R332,52,1504.58,2,90.41,35.83,888
R333,34,317.64,3,62.69,91.29,403
R334,61,767.52,1,62.29,56.57,573
R335,45,1171.08,6,70.14,18.27,819
R336,47,1623.3,6,94.73,13.96,1020
R337,46,773.75,,50.02,57.65,605
R338,63,1326.6,3,95.07,76.19,806
R339,23,1794.76,5,57.69,78.15,876
R340,52,1308.55,3,,27.58,835
R341,58,619.33,10,97.74,20.42,759
R342,54,243.92,3,74.73,1.68,549
R343,41,1766.18,,75.64,67.92,932
R344,46,238.28,3,74.08,7.66,536
R345,63,1774.46,5,81.77,42.08,984
R346,48,,5,,60.17,735
R347,52,1890.32,4,51.63,93.71,876
R348,50,1637.81,1,52.89,31.18,869
R349,38,1996.28,5,72.22,24.98,1046
R350,49,831.28,10,63.78,65.42,684
R351,40,1580.94,5,81.1,,921
R352,50,923.48,4,99.62,33.21,768
R353,20,1063.78,6,69.32,92.81,680
R354,35,1329.51,10,78.69,84.49,819
R355,42,1772.62,4,70.78,22.4,970
R356,59,1971.35,,92.36,23.91,1084
R357,48,1582.89,7,95.11,51.23,952
R358,20,,2,93.87,77.36,715
R359,57,958.44,3,98.72,4.4,804
R360,63,1527.65,1,51.38,69.33,769
R361,41,629.8,8,91.99,64.82,662
R362,49,398.85,9,87.59,23.15,660
R363,64,838.32,4,61.43,68.14,608
R364,39,,6,97.82,94.02,736
R365,40,733.35,9,57.41,4.68,711
R366,19,620.49,6,83.98,31.97,672
R367,44,275.77,9,61.24,43.82,526
R368,59,232.17,4,71.57,89.93,421
R369,19,1977.9,8,85.96,96.23,1009
R370,43,969.99,9,78.17,44.41,763
R371,34,891.79,4,71.38,75,628
R372,57,1423.37,5,66.32,53.17,823
R373,50,592.86,8,91.98,53.78,651
R374,26,1909.93,10,,27.81,1077
R375,60,1615.42,6,71.51,21.7,950
R376,56,360.94,7,,28.8,578
R377,46,951.65,3,92.29,55.63,706
R378,59,1782.41,7,70.05,2.92,1033
R379,43,1900.52,8,88.16,90.72,986
R380,52,1041.32,10,91.16,15.63,861
R381,42,1304.14,6,94.44,22.01,897
R382,41,500.66,10,,51.83,621
R383,30,1984.1,9,60.22,71.01,1008
R384,24,617.01,6,62.77,9.57,661
R385,53,1896.92,,64.78,31.77,1015
R386,62,1369.36,4,79.69,96.87,766
R387,37,1293.93,8,51.64,26.23,839
R388,18,1122.84,4,81.8,31.31,802
R389,25,615.21,2,68.22,83.65,514
R390,63,517.75,10,64.76,5.02,678
R391,33,596.88,9,93.97,46.46,677
R392,31,535.59,5,73,37.96,598
R393,29,1603.25,4,54.75,31.66,880
R394,40,830.23,2,91.34,28.57,700
R395,32,304.12,1,52.38,9.14,500
R396,45,1944.38,7,86.34,31.48,1076
R397,51,1790.81,6,88.7,4.31,1067
R398,19,1869.95,2,67.63,78.1,907
R399,49,1990.83,8,91.24,39.82,1104
R400,40,513.01,4,75.78,44.39,585
R401,39,913.24,8,73.16,89.36,669
R402,42,1564.83,7,52.27,65.81,837
R403,39,1452.84,5,64.5,0.81,904
R404,39,477.01,10,96.55,94.32,584
R405,59,1668.5,10,69.59,23.71,1011
R406,23,603.99,8,77.34,10.76,697
R407,32,602.87,9,76.6,76.81,610
R408,60,1166.55,5,,50.05,767
R409,54,1267.29,10,53.07,43.38,817
R410,50,1244.16,5,68.11,24.95,827
R411,25,364.68,2,,54.75,509
R412,61,1779.43,5,60.03,27.44,970
R413,61,678.08,,60.18,90.16,547
R414,22,433.13,7,50.5,21.52,568
R415,56,1799.75,10,71.87,88.44,941
R416,21,1920.17,5,94.14,55.94,1040
R417,23,1751.83,8,52.6,,933
R418,62,1657.13,1,59.56,71.28,828
R419,49,1379.44,3,65.5,69.67,767
R420,47,1191.54,3,86.59,32.43,810
R421,64,356.58,9,82.03,23.39,619
R422,52,935.22,5,70.8,21.09,738
R423,57,870.84,9,87.95,85.72,688
R424,33,667.56,9,80.48,82.04,619
R425,30,1502.16,1,94.8,44.06,892
R426,59,1092.58,2,90.9,13.24,812
R427,47,345.88,5,,,541
R428,36,,4,63.57,61.93,705
R429,34,1429.87,10,56.27,45.44,871
R430,36,337.04,,66.85,,515
R431,45,1732.17,7,99.98,99.76,934
R432,43,1091.26,6,70.29,19.11,805
R433,54,1065.06,7,61.02,45.97,737
R434,43,1266.33,1,88.12,43.1,794
R435,40,1684.43,,77.12,30.45,977
R436,26,826.06,8,57.48,19.81,705
R437,29,1420.43,2,69.03,,819
R438,18,1218.32,10,,88.71,791
R439,18,680.65,9,87.69,41.98,699
R440,64,1781.53,,51.03,49.69,913
R441,51,1635.37,6,63.45,91.69,845
R442,49,1385.21,1,75.88,77.63,754
R443,42,1731.05,1,63.44,,885
R444,57,,2,81.42,56.54,720
R445,62,1475.05,6,74.09,44.23,886
R446,18,1706.62,6,68.09,79.72,881
R447,33,1455.45,2,97.46,72.42,845
R448,56,1424.25,1,81.61,69.04,788
R449,22,,10,56.5,34.05,788
R450,39,1554.89,5,78,80.5,847
R451,46,485.49,5,89.04,5.24,655
R452,20,1785.57,2,85.42,15.96,1003
R453,29,1769.32,6,58.6,33.56,957
R454,43,252.65,,98.62,7.68,613
R455,33,1686.47,,72.44,23.5,965
R456,54,,10,57.95,83.02,714
R457,39,803.21,2,59.01,94.83,544
R458,46,,3,54.91,30.46,735
R459,31,489.37,7,90.18,26.45,666
R460,45,1672.34,6,56.1,27.99,934
R461,22,1697.84,8,56.26,27.77,950
R462,64,1113.44,8,92.52,3.59,892
R463,47,211.49,6,67.23,92.69,423
R464,63,716.67,10,51.54,21.37,679
R465,22,1310.47,3,52.59,42,765
R466,29,1966.14,3,57.11,0.97,1037
R467,33,1337.26,1,60.67,85.8,712
R468,43,667.65,7,83.26,73.12,617
R469,43,1341.21,5,57.87,94.68,731
R470,38,1171.97,4,55.94,78.16,694
R471,56,1603.72,10,88.24,31.37,1020
R472,53,392.57,4,83.55,24.79,585
R473,50,1569.85,4,71.77,69.77,847
R474,47,1174.28,6,77.47,36.41,810
R475,54,1933.39,8,65.6,56.62,1012
R476,40,815.37,,74.13,0.63,747
R477,27,1338.72,5,75.33,6.19,895
R478,22,1877.65,6,69.36,53.54,978
R479,53,384.52,4,95.33,56.61,566
R480,51,1887.01,9,50.8,75.15,951
R481,48,1438.19,,89.11,13.2,934
R482,27,322.11,10,56.22,51.32,522
R483,36,741.73,10,89.88,19.44,774
R484,49,1474.71,1,80.8,,835
R485,18,321.23,2,92.16,41.05,537
R486,22,,9,54.88,16.33,801
R487,62,822.59,8,77.95,22.18,754
R488,21,1317.65,3,75.05,31.76,834
R489,33,282.34,8,85.31,25.94,602
R490,41,1768.77,1,76.71,8.76,987
R491,33,1952.28,10,77.04,8.99,1116
R492,19,1943.98,4,71.48,19.32,1045
R493,45,1549.37,3,65.44,5.06,915
R494,49,434.16,6,74.11,62.65,536
R495,44,1564.87,7,55.92,28.73,902
R496,37,244.26,4,98.08,27.97,564
R497,41,239.82,7,85.72,33.2,571
R498,29,782.5,9,97.62,66.28,727
R499,52,1079.56,2,61.34,87.06,642
R500,50,1586.73,3,93.97,75.91,890
R501,50,1429.93,5,90.44,72.75,840
R502,60,1002.62,3,83.86,48.44,729
R503,54,692.53,8,81.25,69.38,653
R504,29,1994.82,10,65.83,55.28,1043
R505,20,967.13,8,90.82,21.63,824
R506,18,1012.5,8,75.08,20.86,807
R507,50,494.52,9,53.54,29.64,604
R508,57,1630.66,4,65.64,91.08,818
R509,27,1448.63,5,96.76,54.74,894
R510,60,597.39,5,92.53,73.39,600
R511,61,348.29,8,99.1,34.66,633
R512,46,1424.9,,81.4,40.77,883
R513,30,1378.12,9,62.38,12.56,919
R514,29,,8,58.14,17.13,807
R515,48,,2,59.35,82.74,641
R516,63,471.9,10,50.99,58.48,560
R517,19,978.2,4,69.53,33.75,730
R518,52,1898.51,6,59.57,80.29,933
R519,40,955.51,2,70.58,24.65,711
R520,34,1349.35,7,96.75,97.6,827
R521,43,915.67,3,71.53,34.48,690
R522,25,693.59,3,93.9,33.73,677
R523,46,1971.16,2,80.28,31.19,1022
R524,43,936.8,8,62.36,12.21,761
R525,27,1809.38,6,67.79,11.11,1022
R526,43,613.92,1,,64.81,546
R527,51,583.59,1,66.67,87.51,479
R528,58,256.04,7,83.88,,533
R529,24,,8,,14.11,833
R530,21,863.35,5,60.27,54.56,654
R531,62,1755.84,5,69.07,10.56,1000
R532,28,1051.78,4,99.1,4.53,844
R533,46,1942.75,6,89.24,65.64,1020
R534,53,533.95,6,86.67,53.52,620
R535,42,,3,55.81,8.2,768
R536,38,1597.87,9,89.05,3.49,1038
R537,53,1587.66,7,89.26,98.98,869
R538,27,1720.61,1,80.06,3,983
R539,54,1569.84,7,99.52,44.45,979
R540,26,1327.2,5,66.26,50.46,795
R541,41,436.24,5,97.06,11.73,660
R542,52,258.55,2,95.74,16.91,555
R543,52,1857.53,4,50.57,35.18,939
R544,53,1309.97,6,72.51,76.17,786
R545,35,1633.77,10,98.86,50.71,1003
R546,56,1066.74,7,55.16,63.79,700
R547,49,411.15,5,77.39,98.52,487
R548,41,425.33,9,98.95,76.8,602
R549,40,1434.02,3,77.77,43.44,849
R550,49,974.55,1,59.49,44.64,656
R551,54,560.94,4,79.11,61.88,578
R552,29,1084.87,9,60.22,66.54,734
R553,30,315.58,4,75.99,50.07,502
R554,40,1247.55,2,53.7,64.49,698
R555,42,,10,80.27,2.35,895
R556,52,,5,75.84,42.96,762
R557,58,758.65,3,87.01,27.89,695
R558,47,1019.4,9,81.54,12.92,837
R559,34,220.92,4,,9.95,552
R560,37,330.4,6,84.49,60.32,528
R561,42,906.49,2,57.2,52.36,634
R562,39,1063.89,6,79.77,25.36,810
R563,30,1280.04,3,58.61,47.1,760
R564,36,,9,96.28,49.22,842
R565,53,1450.97,2,53.42,19.5,829
R566,29,1748.22,9,71.52,65.21,949
R567,58,1603.73,5,84.79,78.09,889
R568,36,271.31,8,72.9,79.15,489
R569,29,1064.91,2,54.6,60.25,651
R570,26,388.87,6,77.67,51.16,565
R571,24,635.68,3,82.08,6.1,677
R572,45,1975.99,10,85.19,28.78,1118
R573,31,,5,68.66,9.33,801
R574,48,1098,8,78.18,96.38,715
R575,36,1312.68,10,72.53,13.51,912
R576,64,1464.44,1,83.6,15.18,899
R577,33,1207.37,5,79.18,88.96,735
R578,22,217.59,3,76.29,94.39,401
R579,52,787.63,4,62.48,,636
R580,29,,2,50.1,0.54,756
R581,42,358.16,9,58.7,0.13,624
R582,38,831.13,3,,37.81,665
R583,53,259.77,2,72.45,14.34,520
R584,40,341.44,10,80.61,1.84,665
R585,33,914.46,9,60.65,46.41,710
R586,56,438.89,7,96.95,94.31,558
R587,62,1221.57,6,50.33,32.38,780
R588,59,1441.04,1,88.62,66.11,822
R589,56,1641.06,5,81.26,65.22,909
R590,31,,3,68.68,25.11,765
R591,48,501.47,1,52.52,,495
R592,22,388.22,4,81.37,21.23,584
R593,52,1345.57,2,69.28,,789
R594,40,1471.66,2,96.81,70.14,856
R595,46,256.86,3,77.1,11.34,537
R596,60,1885.18,8,96.98,99.69,988
R597,28,293.55,8,61.02,18.35,552
R598,35,1174.33,7,86.29,59.41,799
R599,64,1476.31,6,80.86,41.14,904
R600,29,1767.74,9,86.97,12.64,1065
R601,26,1485.36,4,60.73,2.78,899
R602,27,1643.11,1,83.25,62.27,868
R603,61,811.01,8,74.9,80.68,644
R604,34,1666.69,7,87.14,84.2,913
R605,55,344.21,7,66.35,48.27,526
R606,24,1810.67,3,94.5,77.75,937
R607,63,1185.67,4,54.22,67.28,707
R608,30,1671.14,10,,72.43,941
R609,57,1014.17,9,93.07,49.26,798
R610,59,1358.44,6,90.86,63.34,850
R611,26,1147.52,5,75.64,80.55,731
R612,44,1516.86,3,71.92,39.79,869
R613,19,346.93,9,99.81,80.6,572
R614,22,308.63,5,61.46,59.2,482
R615,46,644.79,5,77.34,16.59,668
R616,54,487.18,4,83.53,2.47,646
R617,55,1769.21,4,85.04,36.28,976
R618,36,594.59,1,60.2,54.67,525
R619,25,1956.56,7,82.7,83.98,1004
R620,62,806.41,9,90.92,12.75,786
R621,18,527.81,3,52.5,80.02,466
R622,39,1621.46,2,95.58,86.3,868
R623,34,1385.67,3,,15.07,879
R624,24,1096.75,1,67.8,85.16,636
R625,42,1199.65,,50.79,99.15,665
R626,62,1494.56,7,53.86,72.68,817
R627,21,611.22,,95.56,78.48,619
R628,53,1993.4,8,67.74,99.44,966
R629,23,1954.63,6,71.24,,1020
R630,48,1370.59,4,60.77,30.79,819
R631,36,,5,79.85,83.75,706
R632,61,1424.41,8,79.74,61.45,883
R633,56,,3,68.61,58.12,714
R634,44,255.17,3,,25.36,510
R635,27,663.83,4,94.25,75.63,608
R636,43,1032.72,1,69.16,8.17,739
R637,36,1762.89,9,74.68,92.43,932
R638,56,1508.9,8,64.17,32.58,915
R639,20,1536.87,8,89.34,12.78,997
R640,62,965.89,10,69.87,44.24,756
R641,30,822.68,6,75.68,4.25,747
R642,45,867.87,7,62.67,68.46,662
R643,37,1977.77,,99.38,,1081
R644,45,272.2,9,,83.73,502
R645,25,1760.66,3,88.54,12.74,1009
R646,58,1241.62,,71.37,12.63,858
R647,56,989.51,3,60.31,81.34,623
R648,18,1505.46,10,89.99,92.43,902
R649,20,,3,66.68,46.07,728
R650,30,1772.16,9,93.26,49.9,1036
R651,45,1821.26,4,95.76,31.83,1033
R652,42,959.1,7,92.99,89.43,708
R653,50,698.29,9,51.75,64.49,611
R654,55,1266.23,7,89.37,28.83,879
R655,23,1842.25,9,70.57,29.88,1033
R656,61,579.19,,93.69,89.12,573
R657,62,1321.34,4,81.9,1.36,900
R658,49,1336.81,8,91.68,32.27,917
R659,62,,6,74.97,55.44,766
R660,64,436.82,5,76.75,14.82,619
R661,38,1488.48,4,57.22,9.21,895
R662,33,1836.26,8,89.2,81.53,976
R663,38,523.43,1,70.97,89.44,471
R664,28,627.58,9,75,82.36,609
R665,54,1948.51,1,89.25,89.88,929
R666,53,525.76,8,79.94,55.31,611
R667,52,1737.89,4,60.05,81.23,854
R668,36,1086.1,9,79.51,38.4,822
R669,37,645.02,5,70.38,66.63,584
R670,35,1767.35,3,73.48,98.88,864
R671,64,1001.55,9,51.42,22.57,767
R672,58,1126.67,9,60.5,38.99,790
R673,31,846.62,4,64.05,48,647
R674,32,1267.31,4,85.65,13.8,863
R675,48,494.34,8,50.57,8.1,617
R676,18,903.95,2,70.44,82.97,604
R677,20,1944.94,9,96.2,97.68,1017
R678,33,664.64,6,55.59,40.47,600
R679,40,1382.13,9,75.82,8.76,948
R680,28,785.34,8,89.33,6.58,779
R681,29,1592.25,7,97.13,89.13,918
R682,27,435.57,1,87.34,,552
R683,49,1945.68,3,86.03,,1020
R684,33,1016.82,2,91.32,47.65,733
R685,25,624.89,5,72.31,31.83,637
R686,55,332.29,5,,48.9,533
R687,29,505.56,5,50.4,85.96,474
R688,41,1135.59,,96.23,59.23,792
R689,45,806.61,5,72.17,69.47,640
R690,25,1691.99,,77.67,36.47,969
R691,45,975.6,1,62.74,73.85,615
R692,53,647.69,5,87.13,66.66,609
R693,43,1310.86,9,53.83,,826
R694,25,1472.2,9,93.63,57.26,934
R695,45,500.68,4,91.41,25.67,625
R696,45,501.71,3,60.8,80.41,480
R697,54,266.01,1,90.47,42.59,496
R698,58,1525.52,2,89.32,99.47,800
R699,53,1394.85,8,81.61,9.25,948
R700,44,1054.34,1,68.68,78.03,644
R701,34,1719.51,8,63.57,67.37,914
R702,26,1650.21,7,61.59,76.75,871
R703,50,1253.64,8,,30.75,856
R704,37,1762.89,6,95.18,49.21,995
R705,30,570.51,9,,79.65,592
R706,45,401.46,3,91.44,23.25,601
R707,46,685.55,10,,22.6,730
R708,30,302.76,4,76.08,55.11,495
R709,63,1156.11,6,89.72,,820
R710,52,1885.89,8,94.22,28.23,1100
R711,23,270.82,5,,29.81,543
R712,35,419.8,3,73.09,27.78,564
R713,22,1013.96,6,70.73,77.15,694
R714,64,1880.98,4,50.66,65.19,904
R715,42,769.08,9,64.8,83.24,627
R716,19,1113.02,3,72.96,97.55,663
R717,27,274.83,4,70.55,47.42,488
R718,47,467.02,7,86.1,6.67,678
R719,62,1975.93,7,69.24,4.81,1101
R720,22,1937.21,,74.47,29.57,1048
R721,50,208.89,6,71.48,93.25,427
R722,18,1913.26,3,87.03,52.32,1003
R723,35,1350.42,6,93.15,27.18,900
R724,49,1762.25,2,76.59,39.92,946
R725,64,1018.53,8,89.47,59.86,768
R726,28,1128.07,,64.84,65.29,716
R727,38,1079.92,7,77.07,15.39,824
R728,43,1400.36,9,67.26,97.7,806
R729,42,451.37,1,70.71,54.48,499
R730,39,253.95,8,86.62,13.57,605
R731,44,754.27,7,94.08,89.36,653
R732,30,1468.43,6,56.07,7.46,893
R733,50,563.34,6,81.73,90.77,558
R734,51,1412.18,6,,99.66,788
R735,58,1945.84,9,,70.04,1019
R736,52,369.02,2,60.59,77.04,427
R737,18,1410.68,,65.55,33.73,853
R738,38,998.75,6,58.35,94.16,632
R739,23,1762.66,10,62.19,52.97,966
R740,45,518.87,8,63.38,73.24,553
R741,34,1446.73,3,66.78,92.41,762
R742,22,1708.61,10,87.47,97.52,938
R743,48,1900.31,1,78.6,83.32,908
R744,22,1429.85,9,99.31,30.3,975
R745,55,1094.91,1,70.74,96.65,642
R746,20,1312.13,3,87.69,62.81,807
R747,40,1764.03,8,93.57,93.06,958
R748,54,1227.1,,83.95,67.61,799
R749,54,254.7,4,70.59,30.72,501
R750,27,1875.71,8,87.68,37,1070
R751,27,1441.15,1,60.18,55.05,770
R752,36,,,66.38,,739
R753,34,588.22,1,77.33,31.8,592
R754,38,1385.99,1,78.77,57.97,788
R755,31,908.96,8,51.11,34.56,712
R756,26,1372.22,4,97.26,,871
R757,63,391.87,1,84.83,46.67,519
R758,18,1384.12,10,74.79,,886
R759,62,1998.94,7,96.66,16.61,1133
R760,30,286.78,5,71.95,6.11,571
R761,21,1958.91,5,99.02,49.93,1050
R762,18,932.43,1,75.61,10.63,730
R763,57,1767.36,10,55.71,11.41,1018
R764,49,,6,88.24,94.1,725
R765,51,1220.63,9,83.94,87.27,792
R766,45,1529.21,9,88.65,45.21,960
R767,48,1781.33,8,97.57,98.58,965
R768,25,927.45,5,88.82,0.02,806
R769,56,788.66,1,80.57,61.4,609
R770,43,1401.67,9,92.87,61.64,897
R771,51,1654.12,,83.66,45.74,956
R772,20,1572.11,8,70.41,39.69,933
R773,29,1636.06,5,94.28,45.54,953
R774,18,984.05,3,61.1,41.5,681
R775,61,1672.1,7,85.73,73.05,939
R776,22,416.38,7,94.08,13.54,670
R777,47,,9,86.57,19.76,872
R778,47,210.37,7,84.86,18.05,565
R779,34,784.25,3,87.63,26.25,695
R780,64,859.63,1,73.25,52.53,626
R781,40,913.11,8,93.71,11.12,814
R782,32,1451.84,3,60.17,86.82,751
R783,54,899.4,8,56.37,29.74,717
R784,38,1007.65,8,64.28,16.25,786
R785,31,,5,76.58,67.56,741
R786,19,871.85,1,75.53,3.81,722
R787,28,609.09,10,91.03,62,662
R788,56,331.75,7,,69.82,512
R789,55,1286.21,10,74.22,21.49,898
R790,51,1402.78,5,50.67,4.2,864
R791,55,1315.08,8,70.49,36.36,870
R792,51,1034.29,9,82.39,9.86,842
R793,35,883.61,7,50.78,11.65,720
R794,47,1754,7,64.04,25.43,978
R795,32,1134.35,1,60.4,29.55,726
R796,44,1062.53,4,,53,732
R797,51,246.16,2,,67.84,437
R798,55,814.25,2,59.09,59.28,598
R799,50,884.35,2,87.15,14.84,746
R800,41,917.88,4,92.4,17.21,781
R801,32,1244.31,1,77.28,87.88,699
R802,47,1160.48,4,99.09,55.84,797
R803,59,1294.23,2,72.52,86.99,732
R804,34,1576.79,5,75.67,37.15,922
R805,22,1663.37,3,99.46,61.44,925
R806,46,1492.62,8,61.58,52.37,864
R807,21,1919.94,4,97.13,31.91,1056
R808,27,232.82,1,52.14,46.99,419
R809,34,552.4,1,72.32,,550
R810,27,213.61,10,53.5,20.08,538
R811,34,1365.45,3,86.46,31.5,857
R812,37,1816.45,,80.42,79.14,943
R813,41,638.27,7,85.33,91.58,586
R814,22,1868.66,2,68.72,,944
R815,51,308.48,,68.47,30.7,529
R816,23,1881.98,10,52.27,19.52,1043
R817,19,,2,67.5,67.85,687
R818,30,382.56,3,96.46,,572
R819,60,1074.57,10,68.96,98.77,717
R820,60,662.2,2,91.57,32.57,659
R821,28,712.77,3,92.12,39.41,664
R822,64,753.12,6,68.66,60.33,634
R823,40,1645.45,,81.6,80.17,884
R824,33,1170.49,9,54.77,46.95,778
R825,48,760.35,7,55.18,42.27,644
R826,28,1298.6,3,52.43,99.56,673
R827,33,1489.07,4,79.05,1.05,939
R828,25,690.72,6,71.3,89.51,579
R829,21,944.39,5,77.4,14.91,762
R830,57,419.39,2,76.05,78.59,488
R831,21,526.07,6,67.51,61.79,560
R832,42,1426.01,3,83.87,34.18,868
R833,20,526.59,8,87.93,,631
R834,49,1145.29,2,50.73,1.29,762
R835,20,1476.28,1,60.36,22.67,844
R836,44,392.38,9,85.66,56.69,596
R837,46,1221.16,3,69.33,35.15,779
R838,49,661.81,1,83.12,61.04,581
R839,36,1933.27,7,67.35,2.41,1081
R840,38,1070.38,10,69.54,11.65,842
R841,22,1650.79,5,57.93,12.71,947
R842,35,1190.41,5,62.91,18.93,803
R843,45,278.14,1,80.27,45.93,486
R844,59,1339.67,,71.66,75.21,781
R845,39,1912.53,7,88.72,90.55,986
R846,38,1282.9,8,92.63,83.54,823
R847,23,1674.54,9,77.08,19.69,1023
R848,18,1791.57,6,87.91,44.12,1014
R849,22,610.54,5,65.35,19.94,626
R850,58,581.68,6,70.75,26.45,634
R851,29,1299.77,2,85.64,50.35,801
R852,43,939.85,4,69.31,6.81,757
R853,63,1711.75,3,79.43,21.82,966
R854,51,1820.04,7,,93.54,927
R855,31,836.16,9,79.99,46.61,726
R856,43,626.37,5,93.08,44.54,655
R857,62,1604.95,6,,1.46,988
R858,44,694.65,10,86.22,24.74,735
R859,26,1680.71,2,87.29,86.63,874
R860,43,962.73,3,77.9,16.46,740
R861,64,1401.59,3,79.23,,839
R862,39,371.96,9,56.68,1.43,615
R863,64,1322.95,7,72.19,47.83,846
R864,47,1013.18,8,72.54,2.1,830
R865,60,,10,97.92,81.96,814
R866,34,502.43,9,71.55,82.49,553
R867,43,1526.37,6,77.47,78.77,863
R868,53,1753.03,4,76.66,28.34,971
R869,18,590.13,1,81.84,83.72,520
R870,25,372.29,8,87.41,54.3,585
R871,52,242.55,7,61.25,37.38,515
R872,32,1355.55,2,76.44,62.53,777
R873,64,1292.77,8,91.3,1.23,950
R874,39,1184.06,5,73.16,14.3,822
R875,31,617.5,7,63.92,74.23,576
R876,43,903.63,4,82.74,24.42,743
R877,45,1270.06,5,91.19,59.8,823
R878,40,1094.18,8,53.16,38.51,763
R879,31,1978.01,1,88.84,85.48,956
R880,41,445.59,1,91.08,95.24,476
R881,19,1451.26,4,73.08,,853
R882,62,927.77,3,99.17,27.06,771
R883,43,970.76,10,,19.42,820
R884,31,1491.68,2,88.68,47.44,871
R885,24,1446.39,3,87.39,0.73,929
R886,20,1984.26,1,57.53,2.58,1025
R887,64,431.11,1,60.86,,489
R888,40,387.4,,73.2,52.04,531
R889,63,1503.81,5,63.2,99.46,774
R890,60,1241.1,8,70.76,20.18,858
R891,64,693.49,2,94.42,25.81,676
R892,62,342.95,4,91.22,11.35,609
R893,35,354.18,8,81.5,91.75,515
R894,55,1809.54,6,92.91,77.78,982
R895,52,545.36,1,89.19,82.23,537
R896,32,782.07,4,71.45,90.28,574
R897,42,607.98,1,60.05,52.49,532
R898,54,838.99,2,75.71,45.12,645
R899,45,324.96,5,86.81,33.04,579
R900,27,1134.31,8,71.82,58.92,783
R901,56,321.7,8,83.34,45.43,577
R902,34,1640.64,3,54.72,45.16,864
R903,56,620.68,,,93.69,542
R904,39,1172.02,10,90.64,,867
R905,43,,6,85.34,79.65,748
R906,61,,10,98.36,75.68,819
R907,42,1159.32,3,,68.06,732
R908,34,783.8,2,95.15,16.61,720
R909,30,799.4,,96.68,5.91,773
R910,37,1405.08,5,90.07,69.07,848
R911,42,1989.45,10,83.71,72.88,1046
R912,21,1391.31,5,50.29,4.7,864
R913,27,1204.01,10,73.29,92.81,758
R914,20,1515.17,5,78.56,9.11,943
R915,58,1037.37,10,65.2,,758
R916,62,308.26,5,65.91,67.24,479
R917,35,1212.13,3,98.06,16.99,862
R918,64,1923.73,7,94.59,5.54,1129
R919,53,515.55,6,92.46,33.11,649
R920,64,1442.01,4,,76.6,818
R921,39,561.68,2,50.68,41.37,522
R922,51,1164.49,9,54.01,65.3,739
R923,64,374.02,1,65.61,57.96,462
R924,25,1010.67,4,50.79,2.22,742
R925,57,1561.09,1,50.86,98.85,740
R926,61,825.63,6,95.83,4.14,801
R927,36,1396.84,4,85.31,,862
R928,59,1631.81,5,,54.99,902
R929,58,1868.92,5,56.63,96.32,871
R930,54,622.36,9,75.58,11.48,700
R931,23,918.77,1,50.27,49.04,619
R932,43,474.35,2,96.92,16.95,640
R933,51,1986.47,6,70.74,5.1,1093
R934,62,1868.6,,70.12,61.75,959
R935,23,1171.92,7,69.53,20.78,819
R936,54,1715.66,3,53.47,58.77,872
R937,50,1137.72,3,81.92,11.24,821
R938,39,1322.45,10,86.65,33.2,913
R939,38,360.42,2,83.81,78.16,472
R940,23,1559.49,3,56.92,43.71,848
R941,23,429.88,10,78.94,62.77,596
R942,21,1686.92,1,78.47,64.75,870
R943,47,1607.65,5,93.42,84.38,882
R944,28,1475.74,5,68.96,32.49,889
R945,47,265.09,7,68.57,68.73,485
R946,48,,4,80.93,96.16,684
R947,41,673.6,3,81.65,73.02,589
R948,26,848.25,,73.46,48.99,687
R949,20,357.76,8,72.15,63.07,542
R950,48,1886.52,3,74.71,73.97,933
R951,57,1196.84,2,93.05,61.23,771
R952,54,749.94,4,73.06,1.67,706
R953,53,914.57,3,97,19.48,775
R954,41,1004.96,1,75.2,81.05,646
R955,48,,,97.46,27.27,846
R956,23,,2,91.64,73.16,726
R957,19,1854.91,8,68.12,,1001
R958,37,1094.53,6,93.18,52.19,797
R959,45,1985.88,9,55.5,6.8,1089
R960,28,1732.56,8,96.25,18.12,1064
R961,21,575.32,10,81.58,95.72,600
R962,32,1875.07,3,52.72,89.01,855
R963,23,409.46,5,82.21,65.23,532
R964,47,1671.41,7,98.71,45.96,1007
R965,55,885.12,5,53.49,67.58,617
R966,19,1780.35,8,77.73,61.86,980
R967,32,1762.5,5,87.39,56.86,972
R968,28,1650.67,1,90.51,5.92,972
R969,25,,5,70.69,63.28,720
R970,43,748.42,4,60.21,76.89,564
R971,62,345.65,6,52.12,99.41,423
R972,61,925.36,3,78.99,1.11,754
R973,22,512.34,5,72.65,73.02,535
R974,23,1450.91,2,97.44,57.18,864
R975,43,822.98,6,53.03,43.41,643
R976,21,1956.1,6,84.27,12.76,1089
R977,36,1353.75,5,51.25,40.91,806
R978,37,1680.47,6,58.57,35.44,924
R979,50,438.54,7,72.68,30.28,594
R980,37,1751.63,5,72.74,73.09,912
R981,29,1860.96,1,84.29,70.07,925
R982,64,1076.71,8,95.51,58.9,813
R983,18,1291.26,4,81.95,93.87,744
R984,43,1576.66,9,97.68,34.99,1013
R985,31,514.71,10,94.08,24.38,716
R986,55,1104.62,6,79.22,65.59,743
R987,54,917.59,1,91.69,19.88,738
R988,28,463.47,,82.13,31.5,606
R989,53,861.56,3,53.93,22.46,668
R990,30,,10,87.03,6.92,893
R991,60,246.46,4,54.75,82.75,409
R992,20,443.3,6,79.7,25.45,612
R993,50,1933.61,7,85.13,47.3,1048
R994,23,1189.15,10,53.33,4.33,858
R995,27,1938.48,4,61.54,69.93,943
R996,22,978.5,6,95.78,33.06,789
R997,40,761.27,1,80.82,74.47,580
R998,27,1111.06,8,62.31,41.24,773
R999,61,991.12,7,84.53,19.58,816
R1000,19,390.2,9,79.84,51.32,588
